,PART CATEGORY
,INFORMATION LABELS  
,FRONT BUMPER  
,GRILLE  
,FRONT LAMPS  
,HOOD  
,COOLING  
,ENGINE OIL COOLER  
,TRANS OIL COOLER  
,A/C /HEATER/VENTILATION  
,FRONT FENDER  
,AIR BAG SYSTEM  
,ABS/BRAKES  
,CRUISE CONTROL SYSTEM  
,FRAME  
,WHEEL  
,FRONT SUSPENSION  
,FRONT DRIVE AXLE  
,FRONT STEERING LINKAGE/GEAR  
,STEERING PUMP  
,STEERING WHEEL/COLUMN  
,ENGINE/TRANS  
,ENGINE/TRANS MOUNTS  
,AIR CLEANER  
,TURBOCHARGER/INTERCOOLER  
,EXHAUST  
,EMISSION SYSTEM  
,ELECTRICAL  
,WINDSHIELD  
,COWL & DASH  
,INSTRUMENT PANEL  
,CENTER CONSOLE  
,ROCKER/PILLARS  
,FLOOR  
,FRONT SEAT  
,CENTER SEAT  
,REAR SEAT  
,SEAT BELTS  
,FRONT DOOR  
,SIDE DOOR  
,VAN SIDE PANEL  
,QUARTER GLASS  
,ROOF  
,BACK DOOR  
,REAR SUSPENSION  
,FUEL TANK  
,REAR BODY  
,REAR LAMPS  
,REAR BUMPER  
,FRONT INNER STRUCTURE  
,ROCKER/PILLARS/FLOOR  
,REAR DOOR  
,SUNROOF  
,BACK WINDOW  
,SIDE BODY  
,LUGGAGE LID  
,ENGINE  
,CONVERTIBLE TOP  
,ROLL BAR  
,QUARTER PANEL  
,LIFTGATE  
,ENGINE UNDER COVER  
,SUPERCHARGER  
,ELECTRONIC SUSPENSION COMPONENTS  
,SUPERCHARGER/INTERCOOLER  
,HARDTOP  
,REAR DRIVE AXLE  
,REAR GATE  
,PICKUP BED  
,TAILGATE  
,GROUND EFFECTS  
,CAB  
,STRIPE TAPE  
,REAR CONSOLE  
,STEERING LINKAGE  
,STEERING GEAR  
,SEAT  
,REAR STEERING LINKAGE/GEAR  
,CAB ASSY  
,
,0
,FRAME/FLOOR  
,BACK PANEL  
,TURBOCHARGER  
,FRONT FLOOR  
,GRILLE/FRONT PANEL  
,QUARTER MOULDING  
,BODY ASSY  
,PARENT CATEGORY
,ENGINE LID  
,REAR AXLE  
,REAR FENDER  
,FRONT IMPACT KIT  
,OIL COOLER  
,ENGINE MOUNTS  
,STEERING GEAR/LINKAGE  
,INFORMATION LABELS
,FRONT BUMPER
,GRILLE
,FRONT LAMPS
,HOOD
,COOLING
,ENGINE OIL COOLER
,TRANS OIL COOLER
,A/C /HEATER/VENTILATION
,FRONT FENDER
,AIR BAG SYSTEM
,ABS/BRAKES
,CRUISE CONTROL SYSTEM
,FRAME
,WHEEL
,FRONT SUSPENSION
,FRONT DRIVE AXLE
,FRONT STEERING LINKAGE/GEAR
,STEERING PUMP
,STEERING WHEEL/COLUMN
,ENGINE/TRANS
,ENGINE/TRANS MOUNTS
,ENGINE UNDER COVER
,AIR CLEANER
,EXHAUST
,EMISSION SYSTEM
,ELECTRICAL
,WINDSHIELD
,COWL & DASH
,INSTRUMENT PANEL
,CENTER CONSOLE
,ROCKER/PILLARS/FLOOR
,FRONT SEAT
,CENTER SEAT
,REAR SEAT
,SEAT BELTS
,FRONT DOOR
,REAR DOOR
,ROOF
,SUNROOF
,QUARTER PANEL
,QUARTER GLASS
,LIFTGATE
,REAR SUSPENSION
,FUEL TANK
,REAR BODY
,REAR LAMPS
,REAR BUMPER
,FRONT INNER STRUCTURE
,TURBOCHARGER/INTERCOOLER
,BACK WINDOW
,LUGGAGE LID
,REAR DRIVE AXLE
,ELECTRONIC SUSPENSION COMPONENTS
,REAR GATE
,TURBOCHARGER
,STRIPE TAPE
,ROCKER/PILLARS
,FLOOR
,SIDE DOOR
,VAN SIDE PANEL
,CONVERTIBLE TOP
,ENGINE
,SIDE BODY
,GROUND EFFECTS
,ROLL BAR
,HARDTOP
,BACK DOOR
,REAR CONSOLE
,CAB
,PICKUP BED
,TAILGATE
,ENGINE LID
